relation_layer,car_t2,car_t5,car_t7,ret_close_t7
直接,3.672714982637453,3.31829875838584,3.109948947481342,3.8454978183730515
间接,1.5891460000000002,1.7289890000000003,-0.980143,1.1304347826086913
