relation_layer,car_t2,car_t5,car_t7,ret_close_t7
直接,6.047762288220933,5.894554330166641,5.38483487674455,5.939488626815667
间接,1.5891460000000002,1.7289890000000003,-0.980143,1.1304347826086913
